FIPS,State FIPS,County FIPS,SHP File Record Order Number,Area Name,Area Name (2),Qualifying Area Name,Summary Level,State/US Abbreviation,Area Name,NHGIS State FIPS,NHGIS County FIPS,NHGIS GIS JOIN FIELD,ICPSR State FIPS,ICPSR County FIPS,ICPSR FIPS,ICPSR Area Name,Land Area,Area,Total Population,Total Population,Population Density Per Square Mile,Total Area in Square Miles,White Male,White Male Age Under 16,White Male Age 16 Years and over
Geo_FIPS,Geo_STATE,Geo_COUNTY,Geo_recnum,Geo_name,Geo_name2,Geo_QName,Geo_SUMLEV,Geo_STUSAB,Geo_NHGISNAM,Geo_NHGISST,Geo_NHGISCTY,Geo_GISJOIN,Geo_icpsrst,Geo_icpsrcty,Geo_icpsrfips,Geo_icpsrname,Geo_AREAL,Geo_SHAPE_AREA,SE_T001_001,SE_A001_002,SE_A001_001,SE_A001_003,SE_T006_001,SE_T006_002,SE_T006_003
900010,90,10,1,Fairfield County,"Fairfield County, CT","Fairfield County, Connecticut",50,CT,Fairfield,90,10,900010,1,10,9001,Fairfield,646.2923,1673889466,36290,36290,56.15106033,646.2923369,17543,8394,9149
900030,90,30,2,Hartford County,"Hartford County, CT","Hartford County, Connecticut",50,CT,Hartford,90,30,900030,1,30,9003,Hartford,717.5392,1858417906,38149,38149,53.16643582,717.5391657,18652,8844,9808
900050,90,50,3,Litchfield County,"Litchfield County, CT","Litchfield County, Connecticut",50,CT,Litchfield,90,50,900050,1,50,9005,Litchfield,1025.549,2656160553,38635,38635,37.67249326,1025.549324,19372,9237,10135
900070,90,70,4,Middlesex County,"Middlesex County, CT","Middlesex County, Connecticut",50,CT,Middlesex,90,70,900070,1,70,9007,Middlesex,360.0404,932500428.7,18828,18828,52.29412725,360.0404288,8870,4140,4730
900090,90,90,5,New Haven County,"New Haven County, CT","New Haven County, Connecticut",50,CT,New Haven,90,90,900090,1,90,9009,New Haven,590.249,1528737989,30703,30703,52.01702676,590.2490379,14684,6841,7843
900110,90,110,6,New London County,"New London County, CT","New London County, Connecticut",50,CT,New London,90,110,900110,1,110,9011,New London,601.2843,1557319128,32918,32918,54.74615124,601.2842776,15337,7148,8189
900130,90,130,7,Tolland County,"Tolland County, CT","Tolland County, Connecticut",50,CT,Tolland,90,130,900130,1,130,9013,Tolland,344.8293,893103845.4,13251,13251,38.42770646,344.8293229,6587,3138,3449
900150,90,150,8,Windham County,"Windham County, CT","Windham County, Connecticut",50,CT,Windham,90,150,900150,1,150,9015,Windham,691.2063,1790216082,28881,28881,41.78347367,691.2062944,13983,6547,7436
1000010,100,10,9,Kent County,"Kent County, DE","Kent County, Delaware",50,DE,Kent,100,10,1000010,11,10,10001,Kent,589.0506,1525633963,18920,18920,32.11948355,589.0505671,7172,3467,3705
1000030,100,30,10,New Castle County,"New Castle County, DE","New Castle County, Delaware",50,DE,New Castle,100,30,1000030,11,30,10003,New Castle,441.9734,1144705777,19688,19688,44.54567007,441.9733718,8720,4747,3973
1000050,100,50,11,Sussex County,"Sussex County, DE","Sussex County, Delaware",50,DE,Sussex,100,50,1000050,11,50,10005,Sussex,950.2357,2461099203,20488,20488,21.56096604,950.2357157,8034,3929,4105
1300330,130,330,12,Burke County,"Burke County, GA","Burke County, Georgia",50,GA,Burke,130,330,1300330,44,330,13033,Burke,1703.262,4411427258,9467,9467,5.558159747,1703.261589,3649,1841,1808
1300390,130,390,13,Camden County,"Camden County, GA","Camden County, Georgia",50,GA,Camden,130,390,1300390,44,390,13039,Camden,813.0193,2105710203,305,305,0.375144866,813.0192556,125,44,81
1300510,130,510,14,Chatham County,"Chatham County, GA","Chatham County, Georgia",50,GA,Chatham,130,510,1300510,44,510,13051,Chatham,617.3057,1598814302,10769,10769,17.44516665,617.3056537,1326,480,846
1301030,130,1030,15,Effingham County,"Effingham County, GA","Effingham County, Georgia",50,GA,Effingham,130,1030,1301030,44,1030,13103,Effingham,1972.884,5109745709,2424,2424,1.22865824,1972.88385,963,336,627
1301190,130,1190,16,Franklin County,"Franklin County, GA","Franklin County, Georgia",50,GA,Franklin,130,1190,1301190,44,1190,13119,Franklin,1647.277,4266428187,1041,1041,0.631951952,1647.277134,468,243,225
1301270,130,1270,17,Glynn County,"Glynn County, GA","Glynn County, Georgia",50,GA,Glynn,130,1270,1301270,44,1270,13127,Glynn,660.7437,1711318380,413,413,0.625053234,660.7437214,106,36,70
1301330,130,1330,18,Greene County,"Greene County, GA","Greene County, Georgia",50,GA,Greene,130,1330,1301330,44,1330,13133,Greene,712.4304,1845186135,5405,5405,7.586706542,712.4303504,2138,1111,1027
1301535,130,1535,19,Indian Lands,"Indian Lands, GA","Indian Lands, Georgia",50,GA,Indian Lands,130,1535,1301535,,,,,99651.1,2.58E+11,,,,99651.10176,,,
1301790,130,1790,20,Liberty County,"Liberty County, GA","Liberty County, Georgia",50,GA,Liberty,130,1790,1301790,44,1790,13179,Liberty,1689.833,4376647697,5355,5355,3.168951964,1689.833125,690,264,426
1302450,130,2450,21,Richmond County,"Richmond County, GA","Richmond County, Georgia",50,GA,Richmond,130,2450,1302450,44,2450,13245,Richmond,1199.903,3107733771,11317,11317,9.431597934,1199.902718,3819,1925,1894
1303030,130,3030,22,Washington County,"Washington County, GA","Washington County, Georgia",50,GA,Washington,130,3030,1303030,44,3030,13303,Washington,3809.848,9867459936,4552,4552,1.194798453,3809.847585,1971,1024,947
1303170,130,3170,23,Wilkes County,"Wilkes County, GA","Wilkes County, Georgia",50,GA,Wilkes,130,3170,1303170,44,3170,13317,Wilkes,2122.924,5498348299,31500,31500,14.83802425,2122.924149,11892,6740,5152
2400010,240,10,24,Allegany County,"Allegany County, MD","Allegany County, Maryland",50,MD,Allegany,240,10,2400010,52,10,24001,Allegany,1085.713,2811984959,4809,4809,4.429345459,1085.713464,2351,1283,1068
2400030,240,30,25,Anne Arundel County,"Anne Arundel County, MD","Anne Arundel County, Maryland",50,MD,Anne Arundel,240,30,2400030,52,30,24003,Anne Arundel,677.8028,1755501132,22598,22598,33.34008174,677.8027773,5992,2850,3142
2400050,240,50,26,Baltimore County,"Baltimore County, MD","Baltimore County, Maryland",50,MD,Baltimore,240,50,2400050,52,50,24005,Baltimore,889.0761,2302696521,25434,25434,28.60722501,889.0760984,9852,4668,5184
2400090,240,90,27,Calvert County,"Calvert County, MD","Calvert County, Maryland",50,MD,Calvert,240,90,2400090,52,70,24009,Calvert,218.2012,565138384.6,8652,8652,39.65148664,218.2011504,2200,1109,1091
2400110,240,110,28,Caroline County,"Caroline County, MD","Caroline County, Maryland",50,MD,Caroline,240,110,2400110,52,90,24011,Caroline,322.5988,835527164.1,9506,9506,29.46693777,322.598842,3539,1727,1812
2400150,240,150,29,Cecil County,"Cecil County, MD","Cecil County, Maryland",50,MD,Cecil,240,150,2400150,52,130,24015,Cecil,359.0488,929932180.3,13625,13625,37.94748554,359.0488225,5224,2377,2847
2400170,240,170,30,Charles County,"Charles County, MD","Charles County, Maryland",50,MD,Charles,240,170,2400170,52,150,24017,Charles,463.3297,1200018504,20613,20613,44.4888347,463.3297352,4964,2399,2565
2400190,240,190,31,Dorchester County,"Dorchester County, MD","Dorchester County, Maryland",50,MD,Dorchester,240,190,2400190,52,170,24019,Dorchester,583.7645,1511943196,15875,15875,27.19418382,583.7645324,4971,2430,2541
2400210,240,210,32,Frederick County,"Frederick County, MD","Frederick County, Maryland",50,MD,Frederick,240,210,2400210,52,190,24021,Frederick,905.7512,2345884809,30791,30791,33.9949871,905.7511894,14026,7016,7010
2400250,240,250,33,Harford County,"Harford County, MD","Harford County, Maryland",50,MD,Harford,240,250,2400250,52,230,24025,Harford,446.7173,1156992511,14976,14976,33.52455745,446.7173063,5684,2812,2872
2400290,240,290,34,Kent County,"Kent County, MD","Kent County, Maryland",50,MD,Kent,240,290,2400290,52,270,24029,Kent,285.6376,739797916.4,12836,12836,44.93806567,285.6375727,3423,1547,1876
2400310,240,310,35,Montgomery County,"Montgomery County, MD","Montgomery County, Maryland",50,MD,Montgomery,240,310,2400310,52,290,24031,Montgomery,526.9099,1364690298,18003,18003,34.16713371,526.9098706,6030,2746,3284
2400330,240,330,36,Prince Georges County,"Prince Georges County, MD","Prince Georges County, Maryland",50,MD,Prince Georges,240,330,2400330,52,310,24033,Prince Georges,529.9751,1372629238,21344,21344,40.27358928,529.9751123,5156,2503,2653
2400350,240,350,37,Queen Annes County,"Queen Annes County, MD","Queen Annes County, Maryland",50,MD,Queen Annes,240,350,2400350,52,330,24035,Queen Annes,377.3605,977359136.7,15463,15463,40.97673475,377.3604728,4132,1974,2158
2400370,240,370,38,St Marys County,"St Marys County, MD","St Marys County, Maryland",50,MD,St Marys,240,370,2400370,52,370,24037,St Marys,366.8876,950234489,15544,15544,42.36720052,366.8875878,4043,1943,2100
2400390,240,390,39,Somerset County,"Somerset County, MD","Somerset County, Maryland",50,MD,Somerset,240,390,2400390,52,350,24039,Somerset,552.5428,1431079262,15610,15610,28.25120552,552.5427928,4093,1908,2185
2400410,240,410,40,Talbot County,"Talbot County, MD","Talbot County, Maryland",50,MD,Talbot,240,410,2400410,52,390,24041,Talbot,275.11,712531686.2,13084,13084,47.55915428,275.1100224,3650,1712,1938
2400430,240,430,41,Washington County,"Washington County, MD","Washington County, Maryland",50,MD,Washington,240,430,2400430,52,410,24043,Washington,467.5444,1210934438,15822,15822,33.84063625,467.5444008,7601,3863,3738
2400470,240,470,42,Worcester County,"Worcester County, MD","Worcester County, Maryland",50,MD,Worcester,240,470,2400470,52,450,24047,Worcester,640.4845,1658847250,11640,11640,18.17374178,640.4845047,3901,1916,1985
2405100,240,5100,43,Baltimore City County,"Baltimore City County, MD","Baltimore City County, Maryland",50,MD,Baltimore City,240,5100,2405100,52,5100,24510,Baltimore City,13.7229,35542022.55,13503,13503,983.9791577,13.72285164,6422,2556,3866
2500010,250,10,44,Barnstable County,"Barnstable County, MA","Barnstable County, Massachusetts",50,MA,Barnstable,250,10,2500010,3,10,25001,Barnstable,419.7165,1087060716,17342,17342,41.31836712,419.7164895,8293,4093,4200
2500030,250,30,45,Berkshire County,"Berkshire County, MA","Berkshire County, Massachusetts",50,MA,Berkshire,250,30,2500030,3,30,25003,Berkshire,963.7001,2495971708,30263,30263,31.40292409,963.7000653,15146,7790,7356
2500050,250,50,46,Bristol County,"Bristol County, MA","Bristol County, Massachusetts",50,MA,Bristol,250,50,2500050,3,50,25005,Bristol,581.6803,1506544944,31696,31696,54.49041753,581.6802557,14895,6939,7956
2500055,250,55,47,Cumberland County,"Cumberland County, MA","Cumberland County, Massachusetts",50,MA,Cumberland,250,55,2500055,2,50,23005,Cumberland,3789.592,9814998056,25530,25530,6.7368731,3789.59194,12832,6624,6208
2500070,250,70,48,Dukes County,"Dukes County, MA","Dukes County, Massachusetts",50,MA,Dukes,250,70,2500070,3,70,25007,Dukes,111.5656,288953611.8,3255,3255,29.17565638,111.5656134,1534,711,823
2500090,250,90,49,Essex County,"Essex County, MA","Essex County, Massachusetts",50,MA,Essex,250,90,2500090,3,90,25009,Essex,517.3047,1339813136,57879,57879,111.8856933,517.3047446,26825,12567,14258
2500150,250,150,50,Hampshire County,"Hampshire County, MA","Hampshire County, Massachusetts",50,MA,Hampshire,250,150,2500150,3,150,25015,Hampshire,1903.753,4930698597,59656,59656,31.33599174,1903.753374,30118,15009,15109
2500153,250,153,51,Hancock County,"Hancock County, MA","Hancock County, Massachusetts",50,MA,Hancock,250,153,2500153,2,90,23009,Hancock,12640.11,32737724756,9542,9542,0.75489872,12640.10621,4964,2529,2435
2500157,250,157,52,Lincoln County,"Lincoln County, MA","Lincoln County, Massachusetts",50,MA,Lincoln,250,157,2500157,2,150,23015,Lincoln,9407.619,24365621492,29733,29733,3.16052338,9407.619063,15347,7679,7668
2500170,250,170,53,Middlesex County,"Middlesex County, MA","Middlesex County, Massachusetts",50,MA,Middlesex,250,170,2500170,3,170,25017,Middlesex,851.2408,2204703623,42769,42769,50.24312575,851.2408288,20691,9620,11071
2500190,250,190,54,Nantucket County,"Nantucket County, MA","Nantucket County, Massachusetts",50,MA,Nantucket,250,190,2500190,3,190,25019,Nantucket,49.6226,128521985.7,4555,4555,91.79282257,49.62261615,2218,1017,1201
2500230,250,230,55,Plymouth County,"Plymouth County, MA","Plymouth County, Massachusetts",50,MA,Plymouth,250,230,2500230,3,230,25023,Plymouth,666.7533,1726883117,29512,29512,44.26224813,666.7532999,14029,6536,7493
2500250,250,250,56,Suffolk County,"Suffolk County, MA","Suffolk County, Massachusetts",50,MA,Suffolk,250,250,2500250,3,250,25025,Suffolk,488.9623,1266406669,44865,44865,91.75553104,488.9623491,20699,9333,11366
2500255,250,255,57,Washington County,"Washington County, MA","Washington County, Massachusetts",50,MA,Washington,250,255,2500255,2,290,23029,Washington,3991.806,10338730969,2760,2760,0.691416306,3991.806348,1462,708,754
2500270,250,270,58,Worcester County,"Worcester County, MA","Worcester County, Massachusetts",50,MA,Worcester,250,270,2500270,3,270,25027,Worcester,1558.41,4036263230,56764,56764,36.42430549,1558.409948,28264,13664,14600
2500275,250,275,59,York County,"York County, MA","York County, Massachusetts",50,MA,York,250,275,2500275,2,310,23031,York,2657.719,6883460913,29078,29078,10.94096053,2657.71912,14469,7193,7276
3300050,330,50,60,Cheshire County,"Cheshire County, NH","Cheshire County, New Hampshire",50,NH,Cheshire,330,50,3300050,4,50,33005,Cheshire,1285.118,3328440818,28753,28753,22.37381769,1285.118186,14575,7567,7008
3300090,330,90,61,Grafton County,"Grafton County, NH","Grafton County, New Hampshire",50,NH,Grafton,330,90,3300090,4,90,33009,Grafton,3946.802,10222171001,13468,13468,3.412382734,3946.802293,7079,3311,3768
3300110,330,110,62,Hillsborough County,"Hillsborough County, NH","Hillsborough County, New Hampshire",50,NH,Hillsborough,330,110,3300110,4,110,33011,Hillsborough,1357.408,3515671187,32883,32883,24.22484197,1357.408236,16537,8392,8145
3300150,330,150,63,Rockingham County,"Rockingham County, NH","Rockingham County, New Hampshire",50,NH,Rockingham,330,150,3300150,4,150,33015,Rockingham,1132.914,2934232629,43184,43184,38.11764797,1132.913553,20808,9667,11141
3300170,330,170,64,Strafford County,"Strafford County, NH","Strafford County, New Hampshire",50,NH,Strafford,330,170,3300170,4,170,33017,Strafford,1544.243,3999569803,23611,23611,15.2896967,1544.242536,11930,5918,6012
3400030,340,30,65,Bergen County,"Bergen County, NJ","Bergen County, New Jersey",50,NJ,Bergen,340,30,3400030,12,30,34003,Bergen,458.031,1186294741,12601,12601,27.51124069,458.0309606,5164,2299,2865
3400050,340,50,66,Burlington County,"Burlington County, NJ","Burlington County, New Jersey",50,NJ,Burlington,340,50,3400050,12,50,34005,Burlington,906.7724,2348529607,18095,18095,19.9553945,906.7723517,8789,4164,4625
3400090,340,90,67,Cape May County,"Cape May County, NJ","Cape May County, New Jersey",50,NJ,Cape May,340,90,3400090,12,90,34009,Cape May,240.7855,623631471,2571,2571,10.67755515,240.7854574,1240,609,631
3400110,340,110,68,Cumberland County,"Cumberland County, NJ","Cumberland County, New Jersey",50,NJ,Cumberland,340,110,3400110,12,110,34011,Cumberland,523.2504,1355212421,8248,8248,15.76300629,523.2504416,4113,1966,2147
3400130,340,130,69,Essex County,"Essex County, NJ","Essex County, New Jersey",50,NJ,Essex,340,130,3400130,12,130,34013,Essex,258.9976,670800584.8,17785,17785,68.66860216,258.9975541,8311,3972,4339
3400150,340,150,70,Gloucester County,"Gloucester County, NJ","Gloucester County, New Jersey",50,NJ,Gloucester,340,150,3400150,12,150,34015,Gloucester,1126.496,2917610076,13363,13363,11.86245255,1126.49555,6598,3311,3287
3400190,340,190,71,Hunterdon County,"Hunterdon County, NJ","Hunterdon County, New Jersey",50,NJ,Hunterdon,340,190,3400190,12,190,34019,Hunterdon,542.6901,1405560916,20153,20153,37.13537401,542.6901044,9345,4379,4966
3400230,340,230,72,Middlesex County,"Middlesex County, NJ","Middlesex County, New Jersey",50,NJ,Middlesex,340,230,3400230,12,230,34023,Middlesex,378.971,981530284.9,15956,15956,42.1034897,378.9709621,7370,3375,3995
3400250,340,250,73,Monmouth County,"Monmouth County, NJ","Monmouth County, New Jersey",50,NJ,Monmouth,340,250,3400250,12,250,34025,Monmouth,1081.769,2801768420,16918,16918,15.63920076,1081.768836,7521,3678,3843
3400270,340,270,74,Morris County,"Morris County, NJ","Morris County, New Jersey",50,NJ,Morris,340,270,3400270,12,270,34027,Morris,481.2843,1246520577,16216,16216,33.693184,481.2842859,8030,3938,4092
3400330,340,330,75,Salem County,"Salem County, NJ","Salem County, New Jersey",50,NJ,Salem,340,330,3400330,12,330,34033,Salem,348.4478,902475628.3,10437,10437,29.95283754,348.4477885,5075,2396,2679
3400350,340,350,76,Somerset County,"Somerset County, NJ","Somerset County, New Jersey",50,NJ,Somerset,340,350,3400350,12,350,34035,Somerset,319.1035,826474182.5,12296,12296,38.53295655,319.1034662,5209,2390,2819
3400370,340,370,77,Sussex County,"Sussex County, NJ","Sussex County, New Jersey",50,NJ,Sussex,340,370,3400370,12,370,34037,Sussex,898.7394,2327724270,19500,19500,21.69705783,898.7393663,9902,4939,4963
3600010,360,10,78,Albany County,"Albany County, NY","Albany County, New York",50,NY,Albany,360,10,3600010,13,10,36001,Albany,3274.545,8481032963,75980,75980,23.20322268,3274.545138,37644,18960,18684
3600190,360,190,79,Clinton County,"Clinton County, NY","Clinton County, New York",50,NY,Clinton,360,190,3600190,13,190,36019,Clinton,3979.386,10306562730,1615,1615,0.405841492,3979.386122,901,356,545
3600210,360,210,80,Columbia County,"Columbia County, NY","Columbia County, New York",50,NY,Columbia,360,210,3600210,13,210,36021,Columbia,647.9253,1678118858,27496,27496,42.43698988,647.9253142,13293,6739,6554
3600270,360,270,81,Dutchess County,"Dutchess County, NY","Dutchess County, New York",50,NY,Dutchess,360,270,3600270,13,270,36027,Dutchess,1071.959,2776362187,45276,45276,42.2366729,1071.959435,22041,11069,10972
3600435,360,435,82,Indian Lands (No Data),"Indian Lands (No Data), NY","Indian Lands (No Data), New York",50,NY,Indian Lands (No Data),360,435,3600435,,,,,5513.844,14280789395,,,,5513.843618,,,
3600470,360,470,83,Kings County,"Kings County, NY","Kings County, New York",50,NY,Kings,360,470,3600470,13,470,36047,Kings,69.3043,179497245.6,4549,4549,65.63808742,69.30427407,1606,703,903
3600570,360,570,84,Montgomery County,"Montgomery County, NY","Montgomery County, New York",50,NY,Montgomery,360,570,3600570,13,570,36057,Montgomery,21065.9,54560437962,28852,28852,1.369606617,21065.90289,15071,7205,7866
3600610,360,610,85,New York County,"New York County, NY","New York County, New York",50,NY,New York,360,610,3600610,13,610,36061,New York,22.6804,58741888.92,33111,33111,1459.89681,22.68037014,14382,5900,8482
3600690,360,690,86,Ontario County,"Ontario County, NY","Ontario County, New York",50,NY,Ontario,360,690,3600690,13,690,36069,Ontario,5139.079,13310152770,1074,1074,0.208986875,5139.078721,716,192,524
3600710,360,710,87,Orange County,"Orange County, NY","Orange County, New York",50,NY,Orange,360,710,3600710,13,710,36071,Orange,675.9649,1750741135,18477,18477,27.33425822,675.9649321,8930,4334,4596
3600810,360,810,88,Queens County,"Queens County, NY","Queens County, New York",50,NY,Queens,360,810,3600810,13,810,36081,Queens,402.1291,1041509711,16013,16013,39.82054042,402.1291482,6418,2863,3555
3600850,360,850,89,Richmond County,"Richmond County, NY","Richmond County, New York",50,NY,Richmond,360,850,3600850,13,850,36085,Richmond,58.8066,152308395.5,3827,3827,65.07772899,58.80660034,1500,753,747
3601030,360,1030,90,Suffolk County,"Suffolk County, NY","Suffolk County, New York",50,NY,Suffolk,360,1030,3601030,13,1030,36103,Suffolk,932.8959,2416189172,16546,16546,17.73617054,932.895856,7081,3294,3787
3601110,360,1110,91,Ulster County,"Ulster County, NY","Ulster County, New York",50,NY,Ulster,360,1110,3601110,13,1110,36111,Ulster,3611.475,9353676908,29370,29370,8.132411613,3611.474849,13833,6783,7050
3601150,360,1150,92,Washington County,"Washington County, NY","Washington County, New York",50,NY,Washington,360,1150,3601150,13,1150,36115,Washington,1592.293,4124019525,14077,14077,8.840710467,1592.292843,7405,3789,3616
3601190,360,1190,93,Westchester County,"Westchester County, NY","Westchester County, New York",50,NY,Westchester,360,1190,3601190,13,1190,36119,Westchester,493.2557,1277526513,23978,23978,48.61169942,493.2557447,11252,5318,5934
3700070,370,70,94,Anson County,"Anson County, NC","Anson County, North Carolina",50,NC,Anson,370,70,3700070,47,70,37007,Anson,825.7562,2138698860,5235,5235,6.339643227,825.7562472,2218,1183,1035
3700130,370,130,95,Beaufort County,"Beaufort County, NC","Beaufort County, North Carolina",50,NC,Beaufort,370,130,3700130,47,130,37013,Beaufort,786.2564,2036394596,5405,5405,6.874348294,786.2563502,1834,924,910
3700150,370,150,96,Bertie County,"Bertie County, NC","Bertie County, North Carolina",50,NC,Bertie,370,150,3700150,47,150,37015,Bertie,707.7377,1833032308,12462,12462,17.60821763,707.7377314,3521,1802,1719
3700170,370,170,97,Bladen County,"Bladen County, NC","Bladen County, North Carolina",50,NC,Bladen,370,170,3700170,47,170,37017,Bladen,1406.395,3642545313,5100,5100,3.626293762,1406.39461,1671,834,837
3700190,370,190,98,Brunswick County,"Brunswick County, NC","Brunswick County, North Carolina",50,NC,Brunswick,370,190,3700190,47,190,37019,Brunswick,1329.685,3443869288,3070,3070,2.308816864,1329.685368,778,398,380
3700230,370,230,99,Burke County,"Burke County, NC","Burke County, North Carolina",50,NC,Burke,370,230,3700230,47,230,37023,Burke,2494.193,6459929531,8106,8106,3.249949322,2494.192739,3813,2108,1705
3700290,370,290,100,Camden County,"Camden County, NC","Camden County, North Carolina",50,NC,Camden,370,290,3700290,47,290,37029,Camden,241.9199,626569727.8,4022,4022,16.62533587,241.9199247,1479,754,725
3700310,370,310,101,Carteret County,"Carteret County, NC","Carteret County, North Carolina",50,NC,Carteret,370,310,3700310,47,310,37031,Carteret,467.7093,1211361519,3734,3734,7.983591553,467.7092979,1427,709,718
3700330,370,330,102,Caswell County,"Caswell County, NC","Caswell County, North Carolina",50,NC,Caswell,370,330,3700330,47,330,37033,Caswell,832.5213,2156220282,10096,10096,12.12701696,832.5213063,3911,2110,1801
3700370,370,370,103,Chatham County,"Chatham County, NC","Chatham County, North Carolina",50,NC,Chatham,370,370,3700370,47,370,37037,Chatham,833.5369,2158850650,9161,9161,10.99051528,833.5368969,3929,2168,1761
3700410,370,410,104,Chowan County,"Chowan County, NC","Chowan County, North Carolina",50,NC,Chowan,370,410,3700410,47,410,37041,Chowan,173.1908,448562018.1,4988,4988,28.80061209,173.1907636,1189,551,638
3700490,370,490,105,Craven County,"Craven County, NC","Craven County, North Carolina",50,NC,Craven,370,490,3700490,47,490,37049,Craven,1089.664,2822217071,10474,10474,9.6121364,1089.664104,3248,1538,1710
3700510,370,510,106,Cumberland County,"Cumberland County, NC","Cumberland County, North Carolina",50,NC,Cumberland,370,510,3700510,47,510,37051,Cumberland,1502.48,3891404424,8730,8730,5.810394838,1502.47965,3413,1561,1852
3700530,370,530,107,Currituck County,"Currituck County, NC","Currituck County, North Carolina",50,NC,Currituck,370,530,3700530,47,530,37053,Currituck,358.3781,928194956,5220,5220,14.56562313,358.3780765,2042,1024,1018
3700595,370,595,108,Dobbs County,"Dobbs County, NC","Dobbs County, North Carolina",50,NC,Dobbs,370,595,3700595,47,790,37079,Dobbs/Greene,655.104,1696711651,6994,6994,10.67616693,655.1040317,2457,1293,1164
3700610,370,610,109,Duplin County,"Duplin County, NC","Duplin County, North Carolina",50,NC,Duplin,370,610,3700610,47,610,37061,Duplin,779.5156,2018936088,5663,5663,7.264768181,779.5155825,2222,1187,1035
3700650,370,650,110,Edgecombe County,"Edgecombe County, NC","Edgecombe County, North Carolina",50,NC,Edgecombe,370,650,3700650,47,650,37065,Edgecombe,684.0328,1771636926,10265,10265,15.0065894,684.0328421,3541,1878,1663
3700690,370,690,111,Franklin County,"Franklin County, NC","Franklin County, North Carolina",50,NC,Franklin,370,690,3700690,47,690,37069,Franklin,471.1629,1220306276,7502,7502,15.92230669,471.1628879,2457,1381,1076
3700730,370,730,112,Gates County,"Gates County, NC","Gates County, North Carolina",50,NC,Gates,370,730,3700730,47,730,37073,Gates,345.1131,893838902.8,5386,5386,15.60647663,345.1131302,1562,772,790
3700770,370,770,113,Granville County,"Granville County, NC","Granville County, North Carolina",50,NC,Granville,370,770,3700770,47,770,37077,Granville,749.9872,1942457933,10982,10982,14.64291654,749.9872017,3454,1873,1581
3700810,370,810,114,Guilford County,"Guilford County, NC","Guilford County, North Carolina",50,NC,Guilford,370,810,3700810,47,810,37081,Guilford,657.7063,1703451611,7300,7300,11.09917831,657.7063449,3422,1807,1615
3700830,370,830,115,Halifax County,"Halifax County, NC","Halifax County, North Carolina",50,NC,Halifax,370,830,3700830,47,830,37083,Halifax,731.3492,1894185848,14310,14310,19.56657519,731.3492454,3699,1826,1873
3700910,370,910,116,Hertford County,"Hertford County, NC","Hertford County, North Carolina",50,NC,Hertford,370,910,3700910,47,910,37091,Hertford,358.2711,927917897.8,5949,5949,16.60474411,358.2711037,1637,824,813
3700950,370,950,117,Hyde County,"Hyde County, NC","Hyde County, North Carolina",50,NC,Hyde,370,950,3700950,47,950,37095,Hyde,906.7892,2348573179,4204,4204,4.636138273,906.789175,1506,714,792
3700955,370,955,118,Indian Lands,"Indian Lands, NC","Indian Lands, North Carolina",50,NC,Indian Lands,370,955,3700955,,,,,4256.982,11025531616,,,,4256.981561,,,
3700970,370,970,119,Iredell County,"Iredell County, NC","Iredell County, North Carolina",50,NC,Iredell,370,970,3700970,47,970,37097,Iredell,701.6499,1817265003,5430,5430,7.73890181,701.6499412,2336,1218,1118
3701010,370,1010,120,Johnston County,"Johnston County, NC","Johnston County, North Carolina",50,NC,Johnston,370,1010,3701010,47,1010,37101,Johnston,839.972,2175517495,5691,5691,6.775225828,839.9720016,2217,1177,1040
3701030,370,1030,121,Jones County,"Jones County, NC","Jones County, North Carolina",50,NC,Jones,370,1030,3701030,47,1030,37103,Jones,476.5056,1234143769,4796,4796,10.06493998,476.5055736,1530,794,736
3701090,370,1090,122,Lincoln County,"Lincoln County, NC","Lincoln County, North Carolina",50,NC,Lincoln,370,1090,3701090,47,1090,37109,Lincoln,1261.306,3266767201,9246,9246,7.330497879,1261.305869,4350,2293,2057
3701170,370,1170,123,Martin County,"Martin County, NC","Martin County, North Carolina",50,NC,Martin,370,1170,3701170,47,1170,37117,Martin,463.4905,1200434918,6010,6010,12.96682418,463.4905136,2077,1010,1067
3701190,370,1190,124,Mecklenburg County,"Mecklenburg County, NC","Mecklenburg County, North Carolina",50,NC,Mecklenburg,370,1190,3701190,47,1190,37119,Mecklenburg,1265.296,3277102710,11360,11360,8.978133279,1265.296432,4927,2563,2364
3701230,370,1230,125,Montgomery County,"Montgomery County, NC","Montgomery County, North Carolina",50,NC,Montgomery,370,1230,3701230,47,1230,37123,Montgomery,905.8959,2346259570,5039,5039,5.562449373,905.8958855,2162,1220,942
3701250,370,1250,126,Moore County,"Moore County, NC","Moore County, North Carolina",50,NC,Moore,370,1250,3701250,47,1250,37125,Moore,857.4405,2220760581,3870,3870,4.513432948,857.440455,1815,965,850
3701270,370,1270,127,Nash County,"Nash County, NC","Nash County, North Carolina",50,NC,Nash,370,1270,3701270,47,1270,37127,Nash,625.6542,1620436973,7390,7390,11.81163626,625.6542139,2568,1434,1134
3701290,370,1290,128,New Hanover County,"New Hanover County, NC","New Hanover County, North Carolina",50,NC,New Hanover,370,1290,3701290,47,1290,37129,New Hanover,1211.858,3138698599,6837,6837,5.641748683,1211.858306,1536,702,834
3701310,370,1310,129,Northampton County,"Northampton County, NC","Northampton County, North Carolina",50,NC,Northampton,370,1310,3701310,47,1310,37131,Northampton,550.6134,1426082165,9992,9992,18.14703374,550.6134028,2618,1283,1335
3701330,370,1330,130,Onslow County,"Onslow County, NC","Onslow County, North Carolina",50,NC,Onslow,370,1330,3701330,47,1330,37133,Onslow,769.5685,1993173332,5427,5427,7.052003573,769.5685267,1808,941,867
3701350,370,1350,131,Orange County,"Orange County, NC","Orange County, North Carolina",50,NC,Orange,370,1350,3701350,47,1350,37135,Orange,996.7976,2581694014,12216,12216,12.2552458,996.7976328,5142,2709,2433
3701390,370,1390,132,Pasquotank County,"Pasquotank County, NC","Pasquotank County, North Carolina",50,NC,Pasquotank,370,1390,3701390,47,1390,37139,Pasquotank,227.7646,589907613.9,5477,5477,24.04675669,227.7646033,1986,1035,951
3701430,370,1430,133,Perquimans County,"Perquimans County, NC","Perquimans County, North Carolina",50,NC,Perquimans,370,1430,3701430,47,1430,37143,Perquimans,248.0252,642382356.9,5439,5439,21.929222,248.0252149,1805,921,884
3701470,370,1470,134,Pitt County,"Pitt County, NC","Pitt County, North Carolina",50,NC,Pitt,370,1470,3701470,47,1470,37147,Pitt,633.8784,1641737449,8270,8270,13.04666691,633.8783737,2969,1508,1461
3701510,370,1510,135,Randolph County,"Randolph County, NC","Randolph County, North Carolina",50,NC,Randolph,370,1510,3701510,47,1510,37151,Randolph,789.9346,2045921109,7318,7318,9.264058562,789.9345574,3542,1952,1590
3701530,370,1530,136,Richmond County,"Richmond County, NC","Richmond County, North Carolina",50,NC,Richmond,370,1530,3701530,47,1530,37153,Richmond,800.2369,2072603932,5053,5053,6.314380526,800.2368529,2301,1205,1096
3701550,370,1550,137,Robeson County,"Robeson County, NC","Robeson County, North Carolina",50,NC,Robeson,370,1550,3701550,47,1550,37155,Robeson,1092.347,2829165776,5343,5343,4.891302792,1092.347014,2270,1138,1132
3701570,370,1570,138,Rockingham County,"Rockingham County, NC","Rockingham County, North Carolina",50,NC,Rockingham,370,1570,3701570,47,1570,37157,Rockingham,572.3356,1482342454,6211,6211,10.85202417,572.3356218,2599,1411,1188
3701590,370,1590,139,Rowan County,"Rowan County, NC","Rowan County, North Carolina",50,NC,Rowan,370,1590,3701590,47,1590,37159,Rowan,1379.475,3572822637,15972,15972,11.57832175,1379.474534,7227,3828,3399
3701610,370,1610,140,Rutherford County,"Rutherford County, NC","Rutherford County, North Carolina",50,NC,Rutherford,370,1610,3701610,47,1610,37161,Rutherford,1333.906,3454801198,7808,7808,5.853485044,1333.906201,3695,2119,1576
3701630,370,1630,141,Sampson County,"Sampson County, NC","Sampson County, North Carolina",50,NC,Sampson,370,1630,3701630,47,1630,37163,Sampson,826.0617,2139490061,6162,6162,7.459490937,826.0617316,2418,1272,1146
3701690,370,1690,142,Stokes County,"Stokes County, NC","Stokes County, North Carolina",50,NC,Stokes,370,1690,3701690,47,1690,37169,Stokes,837.9676,2170326116,8423,8423,10.05170129,837.967599,3968,2122,1846
3701710,370,1710,143,Surry County,"Surry County, NC","Surry County, North Carolina",50,NC,Surry,370,1710,3701710,47,1710,37171,Surry,820.3054,2124581347,7192,7192,8.767465879,820.3054451,3294,1763,1531
3701770,370,1770,144,Tyrrell County,"Tyrrell County, NC","Tyrrell County, North Carolina",50,NC,Tyrrell,370,1770,3701770,47,1770,37177,Tyrrell,990.3941,2565109045,4826,4826,4.872807506,990.3941402,1837,970,867
3701830,370,1830,145,Wake County,"Wake County, NC","Wake County, North Carolina",50,NC,Wake,370,1830,3701830,47,1830,37183,Wake,943.3579,2443285689,10198,10198,10.81031942,943.3578795,3862,2091,1771
3701850,370,1850,146,Warren County,"Warren County, NC","Warren County, North Carolina",50,NC,Warren,370,1850,3701850,47,1850,37185,Warren,523.6307,1356197249,9379,9379,17.91147894,523.6306857,2385,1318,1067
3701910,370,1910,147,Wayne County,"Wayne County, NC","Wayne County, North Carolina",50,NC,Wayne,370,1910,3701910,47,1910,37191,Wayne,615.1991,1593358464,6115,6115,9.939870806,615.1991429,2283,1219,1064
3701930,370,1930,148,Wilkes County,"Wilkes County, NC","Wilkes County, North Carolina",50,NC,Wilkes,370,1930,3701930,47,1930,37193,Wilkes,1829.207,4737625256,8157,8157,4.459308588,1829.20734,3868,2253,1615
3850000,385,0,149,Territory outline (No Population),"Territory outline (No Population), Northwest Territory","Territory outline (No Population), Northwest Territory",50,,Territory outline (No Population),385,0,3850000,,,,,274561,7.11E+11,,,,274560.9644,,,
4200030,420,30,150,Allegheny County,"Allegheny County, PA","Allegheny County, Pennsylvania",50,PA,Allegheny,420,30,4200030,14,30,42003,Allegheny,5783.398,14978931835,10203,10203,1.764187791,5783.397921,5269,2745,2524
4200090,420,90,151,Bedford County,"Bedford County, PA","Bedford County, Pennsylvania",50,PA,Bedford,420,90,4200090,14,90,42009,Bedford,3092.352,8009153965,13132,13132,4.246606317,3092.351638,6727,3840,2887
4200110,420,110,152,Berks County,"Berks County, PA","Berks County, Pennsylvania",50,PA,Berks,420,110,4200110,14,110,42011,Berks,1436.949,3721680463,30189,30189,21.00909838,1436.948862,15262,7551,7711
4200170,420,170,153,Bucks County,"Bucks County, PA","Bucks County, Pennsylvania",50,PA,Bucks,420,170,4200170,14,170,42017,Bucks,618.296,1601379277,25216,25216,40.78305561,618.2959963,12423,5894,6529
4200290,420,290,154,Chester County,"Chester County, PA","Chester County, Pennsylvania",50,PA,Chester,420,290,4200290,14,290,42029,Chester,759.8054,1967886858,27829,27829,36.62648528,759.8053646,14076,6590,7486
4200410,420,410,155,Cumberland County,"Cumberland County, PA","Cumberland County, Pennsylvania",50,PA,Cumberland,420,410,4200410,14,410,42041,Cumberland,1106.907,2866876209,18208,18208,16.44943835,1106.907094,9330,4514,4816
4200430,420,430,156,Dauphin County,"Dauphin County, PA","Dauphin County, Pennsylvania",50,PA,Dauphin,420,430,4200430,14,430,42043,Dauphin,887.5143,2298651366,18155,18155,20.45600946,887.5142552,9085,4434,4651
4200450,420,450,157,Delaware County,"Delaware County, PA","Delaware County, Pennsylvania",50,PA,Delaware,420,450,4200450,14,450,42045,Delaware,185.3863,480148235.1,9469,9469,51.07713742,185.3862702,4639,2109,2530
4200495,420,495,158,Erie Triangle (No Data),"Erie Triangle (No Data), PA","Erie Triangle (No Data), Pennsylvania",50,PA,Erie Triangle (No Data),420,495,4200495,,,,,334.5502,866481155.7,,,,334.5502449,,,
4200510,420,510,159,Fayette County,"Fayette County, PA","Fayette County, Pennsylvania",50,PA,Fayette,420,510,4200510,14,510,42051,Fayette,798.0008,2066812708,13318,13318,16.68920531,798.0008486,6835,3420,3415
4200550,420,550,160,Franklin County,"Franklin County, PA","Franklin County, Pennsylvania",50,PA,Franklin,420,550,4200550,14,550,42055,Franklin,755.8313,1957594149,15662,15662,20.72155445,755.8313273,7895,3874,4021
4200610,420,610,161,Huntingdon County,"Huntingdon County, PA","Huntingdon County, Pennsylvania",50,PA,Huntingdon,420,610,4200610,14,610,42061,Huntingdon,2207.438,5717238256,7558,7558,3.42387867,2207.438034,3960,2089,1871
4200710,420,710,162,Lancaster County,"Lancaster County, PA","Lancaster County, Pennsylvania",50,PA,Lancaster,420,710,4200710,14,710,42071,Lancaster,1015.563,2630295994,36081,36081,35.52807787,1015.562962,17781,8067,9714
4200790,420,790,163,Luzerne County,"Luzerne County, PA","Luzerne County, Pennsylvania",50,PA,Luzerne,420,790,4200790,14,790,42079,Luzerne,3447.256,8928351379,4892,4892,1.419099818,3447.255744,2565,1328,1237
4200870,420,870,164,Mifflin County,"Mifflin County, PA","Mifflin County, Pennsylvania",50,PA,Mifflin,420,870,4200870,14,870,42087,Mifflin,1779.103,4607855375,7562,7562,4.250456769,1779.102909,3909,1955,1954
4200910,420,910,165,Montgomery County,"Montgomery County, PA","Montgomery County, Pennsylvania",50,PA,Montgomery,420,910,4200910,14,910,42091,Montgomery,487.4535,1262498796,22918,22918,47.0157656,487.4535107,11383,5382,6001
4200950,420,950,166,Northampton County,"Northampton County, PA","Northampton County, Pennsylvania",50,PA,Northampton,420,950,4200950,14,950,42095,Northampton,3194.366,8273369417,24238,24238,7.587734644,3194.365794,12411,6404,6007
4200970,420,970,167,Northumberland County,"Northumberland County, PA","Northumberland County, Pennsylvania",50,PA,Northumberland,420,970,4200970,14,970,42097,Northumberland,12454.31,32256508769,17147,17147,1.376792709,12454.30768,8920,4729,4191
4201010,420,1010,168,Philadelphia County,"Philadelphia County, PA","Philadelphia County, Pennsylvania",50,PA,Philadelphia,420,1010,4201010,14,1010,42101,Philadelphia,136.1705,352680036.1,54388,54388,399.410964,136.1705234,25393,10896,14497
4201250,420,1250,169,Washington County,"Washington County, PA","Washington County, Pennsylvania",50,PA,Washington,420,1250,4201250,14,1250,42125,Washington,1489.037,3856588742,23892,23892,16.04526695,1489.03724,12612,7279,5333
4201290,420,1290,170,Westmoreland County,"Westmoreland County, PA","Westmoreland County, Pennsylvania",50,PA,Westmoreland,420,1290,4201290,14,1290,42129,Westmoreland,1883.599,4878499118,16019,16019,8.50446387,1883.599042,8372,4359,4013
4201330,420,1330,171,York County,"York County, PA","York County, Pennsylvania",50,PA,York,420,1330,4201330,14,1330,42133,York,1431.773,3708274811,37535,37535,26.21574953,1431.772911,18640,9469,9171
4400010,440,10,172,Bristol County,"Bristol County, RI","Bristol County, Rhode Island",50,RI,Bristol,440,10,4400010,5,10,44001,Bristol,25.7731,66751932.34,3211,3211,124.5874317,25.77306519,1455,677,778
4400030,440,30,173,Kent County,"Kent County, RI","Kent County, Rhode Island",50,RI,Kent,440,30,4400030,5,30,44003,Kent,174.5667,452125645.2,8851,8851,50.70268626,174.5666878,4286,2128,2158
4400050,440,50,174,Newport County,"Newport County, RI","Newport County, Rhode Island",50,RI,Newport,440,50,4400050,5,50,44005,Newport,132.7566,343838004.9,14351,14351,108.1000902,132.756596,6112,2856,3256
4400070,440,70,175,Providence County,"Providence County, RI","Providence County, Rhode Island",50,RI,Providence,440,70,4400070,5,70,44007,Providence,410.7866,1063932337,24376,24376,59.33981693,410.7865724,11641,5486,6155
4400090,440,90,176,Washington County,"Washington County, RI","Washington County, Rhode Island",50,RI,Washington,440,90,4400090,5,90,44009,Washington,340.8517,882801827.9,18323,18323,53.75651771,340.8516917,8307,4598,3709
4500010,450,10,177,Abbeville County,"Abbeville County, SC","Abbeville County, South Carolina",50,SC,Abbeville,450,10,4500010,48,10,45001,Abbeville,976.2738,2528537574,9197,9197,9.420512817,976.2738164,3852,1948,1904
4500130,450,130,178,Beaufort County,"Beaufort County, SC","Beaufort County, South Carolina",50,SC,Beaufort,450,130,4500130,48,130,45013,Beaufort,1890.194,4895580861,18753,18753,9.921202071,1890.19434,2321,1055,1266
4500190,450,190,179,Charleston County,"Charleston County, SC","Charleston County, South Carolina",50,SC,Charleston,450,190,4500190,48,190,45019,Charleston,3952.993,10238205153,66985,66985,16.94538748,3952.993114,8237,3177,5060
4500230,450,230,180,Chester County,"Chester County, SC","Chester County, South Carolina",50,SC,Chester,450,230,4500230,48,230,45023,Chester,586.1651,1518160609,6866,6866,11.71342363,586.1650887,3050,1604,1446
4500270,450,270,181,Clarendon County,"Clarendon County, SC","Clarendon County, South Carolina",50,SC,Clarendon,450,270,4500270,48,270,45027,Clarendon,802.0142,2077207314,2392,2392,2.982490727,802.0142288,960,516,444
4500370,450,370,182,Edgefield County,"Edgefield County, SC","Edgefield County, South Carolina",50,SC,Edgefield,450,370,4500370,48,370,45037,Edgefield,1652.118,4278965443,13289,13289,8.043615312,1652.117796,4904,2571,2333
4500390,450,390,183,Fairfield County,"Fairfield County, SC","Fairfield County, South Carolina",50,SC,Fairfield,450,390,4500390,48,390,45039,Fairfield,883.533,2288339991,7623,7623,8.627860992,883.5330109,3209,1874,1335
4500430,450,430,184,Georgetown County,"Georgetown County, SC","Georgetown County, South Carolina",50,SC,Georgetown,450,430,4500430,48,430,45043,Georgetown,4344.59,11252435533,22122,22122,5.09185027,4344.589653,4823,2467,2356
4500450,450,450,185,Greenville County,"Greenville County, SC","Greenville County, South Carolina",50,SC,Greenville,450,450,4500450,48,450,45045,Greenville,751.5027,1946382979,6503,6503,8.653329199,751.5026703,3027,1627,1400
4500570,450,570,186,Lancaster County,"Lancaster County, SC","Lancaster County, South Carolina",50,SC,Lancaster,450,570,4500570,48,570,45057,Lancaster,989.2373,2562112787,6302,6302,6.370564611,989.2372788,2790,1537,1253
4500590,450,590,187,Laurens County,"Laurens County, SC","Laurens County, South Carolina",50,SC,Laurens,450,590,4500590,48,590,45059,Laurens,767.4581,1987707428,9337,9337,12.16613603,767.4581296,4239,2270,1969
4500690,450,690,188,Marlboro County,"Marlboro County, SC","Marlboro County, South Carolina",50,SC,Marlboro,450,690,4500690,48,690,45069,Marlboro,2143.129,5550678044,10706,10706,4.995500092,2143.128777,3772,1993,1779
4500710,450,710,189,Newberry County,"Newberry County, SC","Newberry County, South Carolina",50,SC,Newberry,450,710,4500710,48,710,45071,Newberry,615.1816,1593313024,9342,9342,15.18575982,615.1815986,4224,2232,1992
4500750,450,750,190,Orangeburg County,"Orangeburg County, SC","Orangeburg County, South Carolina",50,SC,Orangeburg,450,750,4500750,48,750,45075,Orangeburg,4338.402,11236409344,18513,18513,4.267239503,4338.401907,6372,3171,3201
4500755,450,755,191,Pendleton County,"Pendleton County, SC","Pendleton County, South Carolina",50,SC,Pendleton,450,755,4500755,48,755,45075.10156,Pendleton,1853.333,4800111468,9568,9568,5.162589739,1853.333401,4542,2535,2007
4500790,450,790,192,Richland County,"Richland County, SC","Richland County, South Carolina",50,SC,Richland,450,790,4500790,48,790,45079,Richland,690.0854,1787313068,3930,3930,5.694947037,690.0854344,1306,710,596
4500830,450,830,193,Spartanburg County,"Spartanburg County, SC","Spartanburg County, South Carolina",50,SC,Spartanburg,450,830,4500830,48,830,45083,Spartanburg,1016.522,2632781129,8800,8800,8.656965476,1016.522478,4041,2173,1868
4500850,450,850,194,Sumter County,"Sumter County, SC","Sumter County, South Carolina",50,SC,Sumter,450,850,4500850,48,240,,,1064.618,2757346937,,,,1064.617606,,,
4500870,450,870,195,Union County,"Union County, SC","Union County, South Carolina",50,SC,Union,450,870,4500870,48,870,45087,Union,629.9195,1631483933,7693,7693,12.21267222,629.9194689,3309,1809,1500
4500875,450,875,196,Unorganized (No Data),"Unorganized (No Data), SC","Unorganized (No Data), South Carolina",50,SC,Unorganized (No Data),450,875,4500875,,,,,89.5625,231965700.1,,,,89.56245763,,,
4500910,450,910,197,York County,"York County, SC","York County, South Carolina",50,SC,York,450,910,4500910,48,910,45091,York,822.5806,2130473906,6604,6604,8.028392843,822.5805749,2962,1612,1350
4650000,465,0,198,Southwest Territory,"Southwest Territory,",Southwest Territory,50,,Southwest Territory,465,0,4650000,,,,,42462.59,1.10E+11,,,,42462.58525,,,
5000010,500,10,199,Addison County,"Addison County, VT","Addison County, Vermont",50,VT,Addison,500,10,5000010,6,10,50001,Addison,752.6628,1949387790,6420,6420,8.529715706,752.6628344,3424,1656,1768
5000030,500,30,200,Bennington County,"Bennington County, VT","Bennington County, Vermont",50,VT,Bennington,500,30,5000030,6,30,50003,Bennington,678.2315,1756611623,12206,12206,17.99680386,678.23154,6308,3205,3103
5000070,500,70,201,Chittenden County,"Chittenden County, VT","Chittenden County, Vermont",50,VT,Chittenden,500,70,5000070,6,70,50007,Chittenden,2690.701,6968883136,7287,7287,2.708216363,2690.700825,4012,1761,2251
5000170,500,170,202,Orange County,"Orange County, VT","Orange County, Vermont",50,VT,Orange,500,170,5000170,6,170,50017,Orange,2717.214,7037552156,10526,10526,3.873820643,2717.214082,5638,2765,2873
5000210,500,210,203,Rutland County,"Rutland County, VT","Rutland County, Vermont",50,VT,Rutland,500,210,5000210,6,210,50021,Rutland,976.261,2528504313,15590,15590,15.96909065,976.2609743,8088,4098,3990
5000250,500,250,204,Windham County,"Windham County, VT","Windham County, Vermont",50,VT,Windham,500,250,5000250,6,250,50025,Windham,798.1071,2067087802,17572,17572,22.01709622,798.107063,9088,4672,4416
5000270,500,270,205,Windsor County,"Windsor County, VT","Windsor County, Vermont",50,VT,Windsor,500,270,5000270,6,270,50027,Windsor,1000.924,2592380332,15740,15740,15.72547527,1000.923643,8152,4148,4004
5100010,510,10,206,Accomack County,"Accomack County, VA","Accomack County, Virginia",50,VA,Accomack,510,10,5100010,40,10,51001,Accomack,462.9178,1198951623,13959,13959,30.15438095,462.9178103,4474,2177,2297
5100030,510,30,207,Albemarle County,"Albemarle County, VA","Albemarle County, Virginia",50,VA,Albemarle,510,30,5100030,40,30,51003,Albemarle,736.4441,1907381415,12585,12585,17.08887382,736.4440825,3493,1790,1703
5100070,510,70,208,Amelia County,"Amelia County, VA","Amelia County, Virginia",50,VA,Amelia,510,70,5100070,40,70,51007,Amelia,674.6472,1747328250,18097,18097,26.82439019,674.64721,3406,1697,1709
5100090,510,90,209,Amherst County,"Amherst County, VA","Amherst County, Virginia",50,VA,Amherst,510,90,5100090,40,90,51009,Amherst,953.0866,2468483006,13703,13703,14.37749701,953.0866182,4291,2235,2056
5100150,510,150,210,Augusta County,"Augusta County, VA","Augusta County, Virginia",50,VA,Augusta,510,150,5100150,40,150,51015,Augusta,2260.638,5855024622,10886,10886,4.815455503,2260.637648,4836,2237,2599
5100190,510,190,211,Bedford County,"Bedford County, VA","Bedford County, Virginia",50,VA,Bedford,510,190,5100190,40,190,51019,Bedford,786.8703,2037984666,10531,10531,13.38340038,786.8702797,4051,2266,1785
5100195,510,195,212,Berkeley County,"Berkeley County, VA","Berkeley County, Virginia",50,VA,Berkeley,510,195,5100195,40,195,54003,Berkeley,692.6449,1793942051,19713,19713,28.46047091,692.644899,8800,4547,4253
5100230,510,230,213,Botetourt County,"Botetourt County, VA","Botetourt County, Virginia",50,VA,Botetourt,510,230,5100230,40,230,51023,Botetourt,2402.892,6223462453,10524,10524,4.379721907,2402.89229,4809,2562,2247
5100231,510,231,214,Bourbon County,"Bourbon County, VA","Bourbon County, Virginia",50,VA,Bourbon,510,231,5100231,51,170,21017,Bourbon,4325.502,11202998332,7837,7837,1.811812891,4325.501843,3680,2035,1645
5100250,510,250,215,Brunswick County,"Brunswick County, VA","Brunswick County, Virginia",50,VA,Brunswick,510,250,5100250,40,250,51025,Brunswick,569.3742,1474672370,12827,12827,22.52824297,569.3741857,3001,1529,1472
5100290,510,290,216,Buckingham County,"Buckingham County, VA","Buckingham County, Virginia",50,VA,Buckingham,510,290,5100290,40,290,51029,Buckingham,728.0316,1885593139,9779,9779,13.4321096,728.0315819,2811,1537,1274
5100310,510,310,217,Campbell County,"Campbell County, VA","Campbell County, Virginia",50,VA,Campbell,510,310,5100310,40,310,51031,Campbell,660.2488,1710036513,7685,7685,11.63955182,660.2487896,2583,1347,1236
5100330,510,330,218,Caroline County,"Caroline County, VA","Caroline County, Virginia",50,VA,Caroline,510,330,5100330,40,330,51033,Caroline,538.8868,1395710281,17489,17489,32.45394307,538.8867529,3530,1731,1799
5100360,510,360,219,Charles City County,"Charles City County, VA","Charles City County, Virginia",50,VA,Charles City,510,360,5100360,40,360,51036,Charles City,196.6095,509216333.7,5588,5588,28.42181719,196.6095258,1041,509,532
5100370,510,370,220,Charlotte County,"Charlotte County, VA","Charlotte County, Virginia",50,VA,Charlotte,510,370,5100370,40,370,51037,Charlotte,506.3791,1311515934,10078,10078,19.9020839,506.3791336,2664,1379,1285
5100410,510,410,221,Chesterfield County,"Chesterfield County, VA","Chesterfield County, Virginia",50,VA,Chesterfield,510,410,5100410,40,410,51041,Chesterfield,482.8463,1250566304,14214,14214,29.43793611,482.8463499,3209,1557,1652
5100470,510,470,222,Culpeper County,"Culpeper County, VA","Culpeper County, Virginia",50,VA,Culpeper,510,470,5100470,40,470,51047,Culpeper,970.892,2514598658,22105,22105,22.76772356,970.891971,7127,3755,3372
5100490,510,490,223,Cumberland County,"Cumberland County, VA","Cumberland County, Virginia",50,VA,Cumberland,510,490,5100490,40,490,51049,Cumberland,299.7307,776299023,8153,8153,27.20108156,299.7307288,1799,914,885
5100530,510,530,224,Dinwiddie County,"Dinwiddie County, VA","Dinwiddie County, Virginia",50,VA,Dinwiddie,510,530,5100530,40,530,51053,Dinwiddie,516.0265,1336502608,13934,13934,27.002487,516.0265423,3186,1396,1790
5100550,510,550,225,Elizabeth City County,"Elizabeth City County, VA","Elizabeth City County, Virginia",50,VA,Elizabeth City,510,550,5100550,40,550,51055,Elizabeth City,52.5347,136064259.7,3450,3450,65.67087484,52.53470444,778,388,390
5100570,510,570,226,Essex County,"Essex County, VA","Essex County, Virginia",50,VA,Essex,510,570,5100570,40,570,51057,Essex,264.7656,685739676,9122,9122,34.45312024,264.7655694,1777,869,908
5100590,510,590,227,Fairfax County,"Fairfax County, VA","Fairfax County, Virginia",50,VA,Fairfax,510,590,5100590,40,590,51059,Fairfax,321.3239,832224951.7,12320,12320,38.34138044,321.3238506,4010,1872,2138
5100610,510,610,228,Fauquier County,"Fauquier County, VA","Fauquier County, Virginia",50,VA,Fauquier,510,610,5100610,40,610,51061,Fauquier,651.4191,1687167645,17892,17892,27.46619006,651.4190705,5657,2983,2674
5100617,510,617,229,Fayette (old) County,"Fayette (old) County, VA","Fayette (old) County, Virginia",50,VA,Fayette (old),510,617,5100617,51,670,21067,Fayette,552.3769,1430649579,18410,18410,33.32869331,552.3768913,7598,4081,3517
5100650,510,650,230,Fluvanna County,"Fluvanna County, VA","Fluvanna County, Virginia",50,VA,Fluvanna,510,650,5100650,40,650,51065,Fluvanna,290.2057,751629422,3921,3921,13.5111041,290.2057426,1243,654,589
5100670,510,670,231,Franklin County,"Franklin County, VA","Franklin County, Virginia",50,VA,Franklin,510,670,5100670,40,670,51067,Franklin,701.7019,1817399650,6842,6842,9.750578875,701.7019285,2895,1629,1266
5100690,510,690,232,Frederick County,"Frederick County, VA","Frederick County, Virginia",50,VA,Frederick,510,690,5100690,40,690,51069,Frederick,708.5296,1835083140,19681,19681,27.77724607,708.5295624,8005,4170,3835
5100730,510,730,233,Gloucester County,"Gloucester County, VA","Gloucester County, Virginia",50,VA,Gloucester,510,730,5100730,40,730,51073,Gloucester,310.2798,803620904.5,13498,13498,43.50267555,310.2797663,3120,1523,1597
5100750,510,750,234,Goochland County,"Goochland County, VA","Goochland County, Virginia",50,VA,Goochland,510,750,5100750,40,750,51075,Goochland,289.9868,751062298.2,9053,9053,31.21866507,289.9867749,2087,1059,1028
5100775,510,775,235,Greenbrier County,"Greenbrier County, VA","Greenbrier County, Virginia",50,VA,Greenbrier,510,775,5100775,40,775,54025,Greenbrier,5770.09,14944463479,6015,6015,1.042444815,5770.089614,3037,1574,1463
5100810,510,810,236,Greensville County,"Greensville County, VA","Greensville County, Virginia",50,VA,Greensville,510,810,5100810,40,810,51081,Greensville,297.5517,770655266.1,6362,6362,21.38116102,297.5516621,1296,627,669
5100830,510,830,237,Halifax County,"Halifax County, VA","Halifax County, Virginia",50,VA,Halifax,510,830,5100830,40,830,51083,Halifax,829.5677,2148570548,14722,14722,17.74659201,829.5677272,4534,2320,2214
5100833,510,833,238,Hampshire County,"Hampshire County, VA","Hampshire County, Virginia",50,VA,Hampshire,510,833,5100833,40,835,54027,Hampshire,1043.91,2703713367,7346,7346,7.037008016,1043.909568,3618,1956,1662
5100850,510,850,239,Hanover County,"Hanover County, VA","Hanover County, Virginia",50,VA,Hanover,510,850,5100850,40,850,51085,Hanover,474.0832,1227869736,14754,14754,31.12112255,474.0831561,3049,1412,1637
5100853,510,853,240,Hardy County,"Hardy County, VA","Hardy County, Virginia",50,VA,Hardy,510,853,5100853,40,855,54031,Hardy,1063.7,2754969694,7336,7336,6.896683038,1063.699747,3364,2256,1108
5100857,510,857,241,Harrison County,"Harrison County, VA","Harrison County, Virginia",50,VA,Harrison,510,857,5100857,40,865,54033,Harrison,3039.872,7873232932,2080,2080,0.684239284,3039.872233,1066,579,487
5100870,510,870,242,Henrico County,"Henrico County, VA","Henrico County, Virginia",50,VA,Henrico,510,870,5100870,40,870,51087,Henrico,272.0512,704609254.2,12000,12000,44.10935154,272.0511543,2993,1170,1823
5100890,510,890,243,Henry County,"Henry County, VA","Henry County, Virginia",50,VA,Henry,510,890,5100890,40,890,51089,Henry,947.4479,2453878829,8479,8479,8.949304628,947.4479138,3486,1963,1523
5100930,510,930,244,Isle Of Wight County,"Isle Of Wight County, VA","Isle Of Wight County, Virginia",50,VA,Isle Of Wight,510,930,5100930,40,930,51093,Isle Of Wight,320.6505,830480871.5,9028,9028,28.15526936,320.6504575,2371,1163,1208
5100950,510,950,245,James City County,"James City County, VA","James City County, Virginia",50,VA,James City,510,950,5100950,40,950,51095,James City,155.8061,403535919.2,4070,4070,26.1222139,155.8060896,754,359,395
5100955,510,955,246,Jefferson (old) County,"Jefferson (old) County, VA","Jefferson (old) County, Virginia",50,VA,Jefferson (old),510,955,5100955,51,1110,21111,Jefferson,1878.595,4865539997,4765,4765,2.536469403,1878.595498,2098,1041,1057
5100970,510,970,247,King And Queen County,"King And Queen County, VA","King And Queen County, Virginia",50,VA,King And Queen,510,970,5100970,40,970,51097,King And Queen,320.3099,829598768.5,9377,9377,29.27477644,320.3098756,2021,1026,995
5100990,510,990,248,King George County,"King George County, VA","King George County, Virginia",50,VA,King George,510,990,5100990,40,990,51099,King George,184.3979,477588273.7,7366,7366,39.94623287,184.3978636,1538,781,757
5101010,510,1010,249,King William County,"King William County, VA","King William County, Virginia",50,VA,King William,510,1010,5101010,40,1010,51101,King William,284.5895,737083381,8128,8128,28.56043682,284.5894848,1455,732,723
5101030,510,1030,250,Lancaster County,"Lancaster County, VA","Lancaster County, Virginia",50,VA,Lancaster,510,1030,5101030,40,1030,51103,Lancaster,136.5572,353681512.8,5638,5638,41.28672951,136.5571957,1077,542,535
5101055,510,1055,251,Lincoln County,"Lincoln County, VA","Lincoln County, Virginia",50,VA,Lincoln,510,1055,5101055,51,1370,21137,Lincoln,17160.86,44446412173,6548,6548,0.381566054,17160.8557,2816,1441,1375
5101070,510,1070,252,Loudoun County,"Loudoun County, VA","Loudoun County, Virginia",50,VA,Loudoun,510,1070,5101070,40,1070,51107,Loudoun,646.7797,1675151801,18962,18962,29.31755466,646.7797271,7669,3992,3677
5101090,510,1090,253,Louisa County,"Louisa County, VA","Louisa County, Virginia",50,VA,Louisa,510,1090,5101090,40,1090,51109,Louisa,510.7896,1322938908,8467,8467,16.5762978,510.7895685,1981,1024,957
5101110,510,1110,254,Lunenburg County,"Lunenburg County, VA","Lunenburg County, Virginia",50,VA,Lunenburg,510,1110,5101110,40,1110,51111,Lunenburg,432.3794,1119857463,8959,8959,20.72022933,432.3793843,2295,1185,1110
5101131,510,1131,255,Madison (old) County,"Madison (old) County, VA","Madison (old) County, Virginia",50,VA,Madison (old),510,1131,5101131,51,1510,21151,Madison,2101.258,5442232653,5772,5772,2.746926181,2101.257777,2652,1421,1231
5101139,510,1139,256,Mason (old) County,"Mason (old) County, VA","Mason (old) County, Virginia",50,VA,Mason (old),510,1139,5101139,51,1610,21161,Mason,5567.706,14420292886,2729,2729,0.490147988,5567.706217,1365,771,594
5101170,510,1170,257,Mecklenburg County,"Mecklenburg County, VA","Mecklenburg County, Virginia",50,VA,Mecklenburg,510,1170,5101170,40,1170,51117,Mecklenburg,679.2924,1759359141,14733,14733,21.68874671,679.2923628,3872,2015,1857
5101177,510,1177,258,Mercer (old) County,"Mercer (old) County, VA","Mercer (old) County, Virginia",50,VA,Mercer (old),510,1177,5101177,51,1670,21167,Mercer,571.4673,1480093618,7091,7091,12.40840812,571.4673415,3003,1543,1460
5101190,510,1190,259,Middlesex County,"Middlesex County, VA","Middlesex County, Virginia",50,VA,Middlesex,510,1190,5101190,40,1190,51119,Middlesex,132.9366,344304246,4140,4140,31.14266202,132.9366127,777,370,407
5101193,510,1193,260,Monongalia County,"Monongalia County, VA","Monongalia County, Virginia",50,VA,Monongalia,510,1193,5101193,40,1195,54061,Monongalia,1334.401,3456082258,4768,4768,3.573139287,1334.400822,2434,1345,1089
5101210,510,1210,261,Montgomery County,"Montgomery County, VA","Montgomery County, Virginia",50,VA,Montgomery,510,1210,5101210,40,1210,51121,Montgomery,8861.352,22950795528,13228,13228,1.492774516,8861.351704,6590,3744,2846
5101230,510,1230,262,Nansemond County,"Nansemond County, VA","Nansemond County, Virginia",50,VA,Nansemond,510,1230,5101230,40,1230,51123,Nansemond,409.9236,1061697126,9010,9010,21.97970803,409.9235525,2382,1167,1215
5101255,510,1255,263,Nelson (old) County,"Nelson (old) County, VA","Nelson (old) County, Virginia",50,VA,Nelson (old),510,1255,5101255,51,1790,21179,Nelson,6280.826,16267265514,11315,11315,1.801514545,6280.826336,5303,2795,2508
5101270,510,1270,264,New Kent County,"New Kent County, VA","New Kent County, Virginia",50,VA,New Kent,510,1270,5101270,40,1270,51127,New Kent,219.1591,567619458,6239,6239,28.46790323,219.1590982,1192,587,605
5101290,510,1290,265,Norfolk County,"Norfolk County, VA","Norfolk County, Virginia",50,VA,Norfolk,510,1290,5101290,40,1290,51129,Norfolk,424.93,1100563560,14524,14524,34.17974995,424.9299665,4637,1987,2650
5101310,510,1310,266,Northampton County,"Northampton County, VA","Northampton County, Virginia",50,VA,Northampton,510,1310,5101310,40,1310,51131,Northampton,210.226,544482850.5,6889,6889,32.76949504,210.2260041,1600,743,857
5101330,510,1330,267,Northumberland County,"Northumberland County, VA","Northumberland County, Virginia",50,VA,Northumberland,510,1330,5101330,40,1330,51133,Northumberland,196.187,508121917.8,9163,9163,46.70544646,196.1869695,2183,1137,1046
5101355,510,1355,268,Ohio County,"Ohio County, VA","Ohio County, Virginia",50,VA,Ohio,510,1355,5101355,40,1355,54069,Ohio,1538.998,3985986516,5212,5212,3.386619087,1538.998,2599,1377,1222
5101370,510,1370,269,Orange County,"Orange County, VA","Orange County, Virginia",50,VA,Orange,510,1370,5101370,40,1370,51137,Orange,500.3728,1295959701,9921,9921,19.82721531,500.3728384,2743,1426,1317
5101415,510,1415,270,Pendelton County,"Pendelton County, VA","Pendelton County, Virginia",50,VA,Pendelton,510,1415,5101415,40,1415,54071,Pendleton,698.1565,1808217097,2452,2452,3.5121064,698.156525,1254,686,568
5101430,510,1430,271,Pittsylvania County,"Pittsylvania County, VA","Pittsylvania County, Virginia",50,VA,Pittsylvania,510,1430,5101430,40,1430,51143,Pittsylvania,1022.117,2647271193,11579,11579,11.32844734,1022.117123,4455,2447,2008
5101450,510,1450,272,Powhatan County,"Powhatan County, VA","Powhatan County, Virginia",50,VA,Powhatan,510,1450,5101450,40,1450,51145,Powhatan,259.4305,671921984.6,6822,6822,26.29605709,259.4305289,1171,548,623
5101470,510,1470,273,Prince Edward County,"Prince Edward County, VA","Prince Edward County, Virginia",50,VA,Prince Edward,510,1470,5101470,40,1470,51147,Prince Edward,401.2415,1039210623,8100,8100,20.18734528,401.2414653,2121,1077,1044
5101490,510,1490,274,Prince George County,"Prince George County, VA","Prince George County, Virginia",50,VA,Prince George,510,1490,5101490,40,1490,51149,Prince George,304.771,789353226.3,8173,8173,26.81685727,304.7709849,1787,822,965
5101510,510,1510,275,Princess Anne County,"Princess Anne County, VA","Princess Anne County, Virginia",50,VA,Princess Anne,510,1510,5101510,40,1510,51151,Princess Anne,270.5745,700784737,7793,7793,28.8016794,270.5744999,2320,1151,1169
5101530,510,1530,276,Prince William County,"Prince William County, VA","Prince William County, Virginia",50,VA,Prince William,510,1530,5101530,40,1530,51153,Prince William,354.1042,917125584.9,11615,11615,32.80108238,354.1041684,3441,1797,1644
5101557,510,1557,277,Randolph County,"Randolph County, VA","Randolph County, Virginia",50,VA,Randolph,510,1557,5101557,40,1567,54083,Randolph,2727.19,7063390404,951,951,0.348710541,2727.190285,491,270,221
5101590,510,1590,278,Richmond County,"Richmond County, VA","Richmond County, Virginia",50,VA,Richmond,510,1590,5101590,40,1590,51159,Richmond,194.6537,504150644.5,6985,6985,35.88424835,194.6536523,1401,697,704
5101630,510,1630,279,Rockbridge County,"Rockbridge County, VA","Rockbridge County, Virginia",50,VA,Rockbridge,510,1630,5101630,40,1630,51163,Rockbridge,604.5993,1565904920,6548,6548,10.83031409,604.5992704,3069,1552,1517
5101650,510,1650,280,Rockingham County,"Rockingham County, VA","Rockingham County, Virginia",50,VA,Rockingham,510,1650,5101650,40,1650,51165,Rockingham,947.3987,2453751478,7449,7449,7.862581676,947.3987434,3468,1652,1816
5101670,510,1670,281,Russell County,"Russell County, VA","Russell County, Virginia",50,VA,Russell,510,1670,5101670,40,1670,51167,Russell,2899.884,7510666019,3338,3338,1.151080381,2899.884365,1703,969,734
5101710,510,1710,282,Shenandoah County,"Shenandoah County, VA","Shenandoah County, Virginia",50,VA,Shenandoah,510,1710,5101710,40,1710,51171,Shenandoah,861.0422,2230089053,10510,10510,12.20613812,861.0421983,5188,2779,2409
5101750,510,1750,283,Southampton County,"Southampton County, VA","Southampton County, Virginia",50,VA,Southampton,510,1750,5101750,40,1750,51175,Southampton,610.7546,1581847265,12864,12864,21.06246775,610.7546442,3178,1546,1632
5101770,510,1770,284,Spotsylvania County,"Spotsylvania County, VA","Spotsylvania County, Virginia",50,VA,Spotsylvania,510,1770,5101770,40,1770,51177,Spotsylvania,422.7918,1095025656,11252,11252,26.61357388,422.7917698,2639,1278,1361
5101790,510,1790,285,Stafford County,"Stafford County, VA","Stafford County, Virginia",50,VA,Stafford,510,1790,5101790,40,1790,51179,Stafford,274.1213,709970985.2,9588,9588,34.97721244,274.1213302,2696,1355,1341
5101810,510,1810,286,Surry County,"Surry County, VA","Surry County, Virginia",50,VA,Surry,510,1810,5101810,40,1810,51181,Surry,281.5925,729321140.5,6227,6227,22.11351769,281.5924669,1383,651,732
5101830,510,1830,287,Sussex County,"Sussex County, VA","Sussex County, Virginia",50,VA,Sussex,510,1830,5101830,40,1830,51183,Sussex,499.056,1292549232,10549,10549,21.13790629,499.0560492,2389,1174,1215
5101890,510,1890,288,Warwick County,"Warwick County, VA","Warwick County, Virginia",50,VA,Warwick,510,1890,5101890,40,1875,51189,Warwick,69.1946,179213075.2,1690,1690,24.42388702,69.19455525,334,158,176
5101910,510,1910,289,Washington County,"Washington County, VA","Washington County, Virginia",50,VA,Washington,510,1910,5101910,40,1910,51191,Washington,921.7168,2387235505,5625,5625,6.102742302,921.7167827,2727,1440,1287
5101930,510,1930,290,Westmoreland County,"Westmoreland County, VA","Westmoreland County, Virginia",50,VA,Westmoreland,510,1930,5101930,40,1930,51193,Westmoreland,234.8291,608204479.3,7722,7722,32.8834937,234.8290626,1569,754,815
5101955,510,1955,291,Woodford County,"Woodford County, VA","Woodford County, Virginia",50,VA,Woodford,510,1955,5101955,51,2390,21239,Woodford,1970.558,5103720679,9210,9210,4.673804068,1970.557573,3696,1929,1767
5101990,510,1990,292,York County,"York County, VA","York County, Virginia",50,VA,York,510,1990,5101990,40,1990,51199,York,126.1234,326658165.1,5233,5233,41.49110358,126.1234228,991,461,530